Workbook

Sheet SALES TRACKER
A2: PRODUCT DESCRIPTION | B2: JL RETAILS | C2: B&Q RETAILS | D2: TOTAL STOCK | E2: INVENTORY | F2: STOCK CHECK 03.08
A3: Heavy Duty Storage Box - 270L / Taupe | B3: 75 | C3: 59 | D3: 320 | E3: =D3-AB21-AB40 | F3: 70
A4: Heavy Duty Storage Box - 450L / Taupe | B4: 145 | C4: 129 | D4: 225 | E4: =D4-AB22-AB41 | F4: 9
A5: Heavy Duty Storage Box - 680L / Black | B5: 175 | C5: 149 | D5: 166 | E5: =D5-AB23-AB42 | F5: 26
A6: Heavy Duty Storage Box - 680L / Taupe | B6: 175 | C6: 149 | D6: 260 | E6: =D6-AB24-AB43 | F6: 1
A7: Heavy Duty Storage Box - 870L / Black | B7: 215 | C7: 179 | D7: 177 | E7: =D7-AB25-AB44 | F7: 0
A8: Heavy Duty Storage Box - 870L / Taupe | B8: 215 | C8: 179 | D8: 185 | E8: =D8-AB26-AB45 | F8: 25
A9: Heavy Duty Storage Box - 980L / Black | B9: 235 | C9: 199 | D9: 235 | E9: =D9-AB27-AB46 | F9: 33
A10: Heavy Duty Storage Box - 980L / Taupe | B10: 235 | C10: 199 | D10: 220 | E10: =D10-AB28-AB47 | F10: 0
A11: L Premium Metal Storage Box - 683L / Green | B11: 399 | C11: 349 | D11: 30 | E11: =D11-AB29-AB48
A12: L Premium Metal Storage Box - 683L / Grey | B12: 399 | C12: 349 | D12: 30 | E12: =D12-AB30-AB49
A13: XL Premium Metal Storage Box - 1056L / Green | B13: 499 | C13: 449 | D13: 30 | E13: =D13-AB31-AB50
A14: XL Premium Metal Storage Box - 1056L / Grey | B14: 499 | C14: 449 | D14: 30 | E14: =D14-AB32-AB51
A15: 3m Luxury Hydraulic Parasol with 45kg Base and Cover - Grey | B15: 265 | C15: 179 | D15: 50 | E15: =D15-AB33-AB52
A16: 3m Luxury Hydraulic Parasol with 45kg Base and Cover - Natural | B16: 265 | C16: 179 | D16: 50 | E16: =D16-AB34-AB53
A17: Premium Pop Up Gazebo With Sides | B17: 199 | C17: 179 | D17: 100 | E17: =D17-AB35-AB54
A19: JOHN LEWIS | B19: MARCH | F19: APRIL | K19: MAY | O19: JUNE | T19: JULY | X19: AUGUST
A20: PRODUCT DESCRIPTION | B20: 1st - 8th March | C20: 9th - 15th March | D20: 16th - 22nd March | E20: 23rd - 31st March | F20: 1st - 5th April | G20: 6th-12th April | H20: 13th - 19th April | I20: 20th - 26th April | J20: 27th April - 3rd May | K20: 4th - 10th May | L20: 11th - 17th May | M20: 18th - 24th May | N20: 25th - 31st May | O20: 1st-7th June | P20: 8th-14th June | Q20: 15th-21st June | R20: 22nd-28th June | S20: 29th June-5th July | T20: 6th - 12th July | U20: 13th - 19th July | V20: 20th - 26th July | W20: 27th July - 2nd Aug | X20: 3rd-9th Aug | Y20: 10th-16th Aug | Z20: 17th-23rd Aug | AA20: 24th-30th Aug | AB20: TOTAL
A21: Heavy Duty Storage Box - 270L / Taupe | J21: 2 | K21: 9 | L21: 9 | M21: 8 | N21: 18 | O21: 19 | P21: 13 | Q21: 21 | R21: 19 | S21: 13 | T21: 23 | U21: 10 | V21: 16 | AB21: =SUM(B21:AA21) | AD21: =O21+P21+Q21+R21 | AE21: =O40+P40+Q40+R40 | AF21: =AD21+AE21
A22: Heavy Duty Storage Box - 450L / Taupe | J22: 1 | K22: 6 | L22: 14 | M22: 10 | N22: 18 | O22: 19 | P22: 14 | Q22: 7 | R22: 18 | S22: 23 | T22: 11 | U22: 9 | V22: 6 | AB22: =SUM(B22:AA22) | AD22: =O22+P22+Q22+R22 | AE22: =O41+P41+Q41+R41 | AF22: =AD22+AE22
A23: Heavy Duty Storage Box - 680L / Black | J23: 0 | K23: 0 | L23: 3 | M23: 7 | N23: 9 | O23: 13 | P23: 2 | Q23: 0 | R23: 0 | S23: 0 | T23: 4 | U23: 2 | V23: 2 | AB23: =SUM(B23:AA23) | AD23: =O23+P23+Q23+R23 | AE23: =O42+P42+Q42+R42 | AF23: =AD23+AE23
A24: Heavy Duty Storage Box - 680L / Taupe | J24: 1 | K24: 6 | L24: 3 | M24: 9 | N24: 18 | O24: 19 | P24: 29 | Q24: 17 | R24: 9 | S24: 0 | T24: 8 | U24: 22 | V24: 9 | AB24: =SUM(B24:AA24) | AD24: =O24+P24+Q24+R24 | AE24: =O43+P43+Q43+R43 | AF24: =AD24+AE24
A25: Heavy Duty Storage Box - 870L / Black | J25: 0 | K25: 2 | L25: 3 | M25: 0 | N25: 0 | O25: 0 | P25: 0 | Q25: 0 | R25: 0 | S25: 0 | T25: 1 | U25: 2 | V25: 2 | AB25: =SUM(B25:AA25) | AD25: =O25+P25+Q25+R25 | AE25: =O44+P44+Q44+R44 | AF25: =AD25+AE25
A26: Heavy Duty Storage Box - 870L / Taupe | J26: 4 | K26: 2 | L26: 6 | M26: 10 | N26: 2 | O26: 0 | P26: 0 | Q26: 0 | R26: 0 | S26: 0 | T26: 5 | U26: 5 | V26: 5 | AB26: =SUM(B26:AA26) | AD26: =O26+P26+Q26+R26 | AE26: =O45+P45+Q45+R45 | AF26: =AD26+AE26
A27: Heavy Duty Storage Box - 980L / Black | J27: 5 | K27: 4 | L27: 2 | M27: 4 | N27: 3 | O27: 0 | P27: 0 | Q27: 0 | R27: 0 | S27: 0 | T27: 7 | U27: 1 | V27: 2 | AB27: =SUM(B27:AA27) | AD27: =O27+P27+Q27+R27 | AE27: =O46+P46+Q46+R46 | AF27: =AD27+AE27
A28: Heavy Duty Storage Box - 980L / Taupe | J28: 4 | K28: 6 | L28: 13 | M28: 13 | N28: 6 | O28: 0 | P28: 0 | Q28: 0 | R28: 0 | S28: 0 | T28: 20 | U28: 11 | V28: 10 | AB28: =SUM(B28:AA28) | AD28: =O28+P28+Q28+R28 | AE28: =O47+P47+Q47+R47 | AF28: =AD28+AE28
A29: L Premium Metal Storage Box - 683L / Green | J29: 0 | K29: 2 | L29: 2 | M29: 2 | N29: 1 | O29: 4 | P29: 1 | Q29: 0 | R29: 0 | S29: 0 | T29: 0 | U29: 1 | V29: 2 | AB29: =SUM(B29:AA29) | AD29: =O29+P29+Q29+R29 | AE29: =O48+P48+Q48+R48 | AF29: =AD29+AE29
A30: L Premium Metal Storage Box - 683L / Grey | J30: 0 | K30: 1 | L30: 1 | M30: 0 | N30: 0 | O30: 1 | P30: 1 | Q30: 1 | R30: 3 | S30: 3 | T30: 4 | U30: 4 | V30: 0 | AB30: =SUM(B30:AA30) | AD30: =O30+P30+Q30+R30 | AE30: =O49+P49+Q49+R49 | AF30: =AD30+AE30
A31: XL Premium Metal Storage Box - 1056L / Green | J31: 0 | K31: 1 | L31: 3 | M31: 2 | N31: 2 | O31: 1 | P31: 3 | Q31: 2 | R31: 4 | S31: 0 | T31: 1 | U31: 1 | V31: 5 | AB31: =SUM(B31:AA31) | AD31: =O31+P31+Q31+R31 | AE31: =O50+P50+Q50+R50 | AF31: =AD31+AE31
A32: XL Premium Metal Storage Box - 1056L / Grey | J32: 2 | K32: 0 | L32: 0 | M32: 2 | N32: 0 | O32: 0 | P32: 0 | Q32: 0 | R32: 4 | S32: 2 | T32: 7 | U32: 2 | V32: 2 | AB32: =SUM(B32:AA32) | AD32: =O32+P32+Q32+R32 | AE32: =O51+P51+Q51+R51 | AF32: =AD32+AE32
... A35: Premium Pop Up Gazebo With Sides | J35: 0 | K35: 2 | L35: 0 | M35: 5 | N35: 3 | O35: 3 | P35: 1 | Q35: 11 | R35: 6 | S35: 5 | T35: 9 | U35: 6 | V35: 3 | AB35: =SUM(B35:AA35) | AD35: =O35+P35+Q35+R35 | AE35: =O54+P54+Q54+R54 | AF35: =AD35+AE35
A36: TOTAL | B36: =SUM(B21:B28) | C36: =SUM(C21:C28) | D36: =SUM(D21:D28) | E36: =SUM(E21:E28) | F36: =SUM(F21:F28) | G36: =SUM(G21:G28) | H36: =SUM(H21:H28) | I36: =SUM(I21:I28) | J36: =SUM(J21:J35) | K36: =SUM(K21:K35) | L36: =SUM(L21:L35) | M36: =SUM(M21:M35) | N36: =SUM(N21:N35) | O36: =SUM(O21:O35) | P36: =SUM(P21:P35) | Q36: =SUM(Q21:Q35) | ... AB36: =SUM(AB21:AB35)
A38: B&Q MARKETPLACE | B38: MARCH | F38: APRIL | K38: MAY | O38: JUNE | T38: JULY | X38: AUGUST
A39: PRODUCT DESCRIPTION | B39: 1st - 8th March | C39: 9th - 15th March | D39: 16th - 22nd March | E39: 23rd - 29th March | F39: 30th March - 5th April | G39: 6th-12th April | H39: 13th - 19th April | I39: 20th - 26th April | J39: 27th April - 3rd May | K39: 4th - 10th May | L39: 11th - 17th May | M39: 18th - 24th May | N39: 25th - 31st May | O39: 1st-7th June | P39: 8th-14th June | Q39: 15th-21st June | R39: 22nd-28th June | S39: 29th June-5th July | T39: 6th - 12th July | U39: 13th - 19th July | V39: 20th - 26th July | W39: 27th July - 2nd Aug | X39: 3rd-9th Aug | Y39: 10th-16th Aug | Z39: 17th-23rd Aug | AA39: 24th-30th Aug | AB39: TOTAL | AD39: OVERALL TOTAL SOLD
A40: Heavy Duty Storage Box - 270L / Taupe | C40: 1 | D40: 1 | E40: 0 | F40: 2 | G40: 1 | H40: 3 | I40: 1 | J40: 2 | K40: 2 | L40: 3 | M40: 5 | N40: 2 | O40: 2 | P40: 3 | Q40: 6 | R40: 3 | S40: 5 | T40: 2 | U40: 6 | V40: 3 | AB40: =SUM(B40:AA40) | AD40: =AB21+AB40
A41: Heavy Duty Storage Box - 450L / Taupe | C41: 0 | D41: 2 | E41: 2 | F41: 2 | G41: 1 | H41: 2 | I41: 1 | J41: 3 | K41: 4 | L41: 1 | M41: 3 | N41: 3 | O41: 3 | P41: 6 | Q41: 2 | R41: 3 | S41: 0 | T41: 1 | U41: 2 | V41: 2 | AB41: =SUM(B41:AA41) | AD41: =AB22+AB41
A42: Heavy Duty Storage Box - 680L / Black | C42: 0 | D42: 1 | E42: 1 | F42: 1 | G42: 3 | H42: 4 | I42: 2 | J42: 3 | K42: 3 | L42: 5 | M42: 4 | N42: 20 | O42: 10 | P42: 4 | Q42: 2 | R42: 0 | S42: 0 | T42: 7 | U42: 2 | V42: 10 | AB42: =SUM(B42:AA42) | AD42: =AB23+AB42
A43: Heavy Duty Storage Box - 680L / Taupe | C43: 0 | D43: 1 | E43: 2 | F43: 0 | G43: 2 | H43: 2 | I43: 5 | J43: 6 | K43: 8 | L43: 4 | M43: 5 | N43: 11 | O43: 7 | P43: 3 | Q43: 13 | R43: 6 | S43: 2 | T43: 4 | U43: 6 | V43: 8 | AB43: =SUM(B43:AA43) | AD43: =AB24+AB43
A44: Heavy Duty Storage Box - 870L / Black | C44: 0 | D44: 0 | E44: 2 | F44: 4 | G44: 11 | H44: 8 | I44: 22 | J44: 11 | K44: 4 | L44: 5 | M44: 0 | N44: 0 | O44: 0 | P44: 0 | Q44: 0 | R44: 0 | S44: 4 | T44: 5 | U44: 10 | V44: 14 | W44: 25 | AB44: =SUM(B44:AA44) | AD44: =AB25+AB44
A45: Heavy Duty Storage Box - 870L / Taupe | C45: 0 | D45: 1 | E45: 2 | F45: 0 | G45: 4 | H45: 5 | I45: 10 | J45: 6 | K45: 14 | L45: 18 | M45: 6 | N45: 2 | O45: 0 | P45: 0 | Q45: 6 | R45: 0 | S45: 6 | T45: 1 | U45: 5 | V45: 9 | AB45: =SUM(B45:AA45) | AD45: =AB26+AB45
A46: Heavy Duty Storage Box - 980L / Black | C46: 0 | D46: 0 | E46: 1 | F46: 6 | G46: 6 | H46: 8 | I46: 9 | J46: 17 | K46: 3 | L46: 9 | M46: 5 | N46: 1 | O46: 0 | P46: 0 | Q46: 5 | R46: 0 | S46: 2 | T46: 20 | U46: 19 | V46: 15 | AB46: =SUM(B46:AA46) | AD46: =AB27+AB46
A47: Heavy Duty Storage Box - 980L / Taupe | C47: 0 | D47: 3 | E47: 3 | F47: 1 | G47: 2 | H47: 10 | I47: 12 | J47: 15 | K47: 8 | L47: 7 | M47: 0 | N47: 0 | O47: 0 | P47: 0 | Q47: 0 | R47: 0 | S47: 4 | T47: 16 | U47: 15 | V47: 26 | AB47: =SUM(B47:AA47) | AD47: =AB28+AB47
A48: L Premium Metal Storage Box - 683L / Green | C48: 0 | D48: 0 | E48: 0 | F48: 0 | G48: 0 | H48: 0 | I48: 0 | J48: 0 | K48: 1 | L48: 0 | M48: 0 | N48: 0 | O48: 1 | P48: 2 | Q48: 1 | R48: 0 | S48: 0 | T48: 0 | U48: 1 | V48: 0 | AB48: =SUM(B48:AA48) | AD48: =AB29+AB48
A49: L Premium Metal Storage Box - 683L / Grey | C49: 0 | D49: 0 | E49: 0 | F49: 0 | G49: 0 | H49: 0 | I49: 0 | J49: 0 | K49: 0 | L49: 0 | M49: 0 | N49: 0 | O49: 0 | P49: 0 | Q49: 0 | R49: 0 | S49: 0 | T49: 0 | U49: 0 | V49: 0 | AB49: =SUM(B49:AA49) | AD49: =AB30+AB49
A50: XL Premium Metal Storage Box - 1056L / Green | C50: 0 | D50: 0 | E50: 0 | F50: 0 | G50: 0 | H50: 0 | I50: 0 | J50: 0 | K50: 0 | L50: 0 | M50: 1 | N50: 1 | O50: 0 | P50: 1 | Q50: 0 | R50: 1 | S50: 0 | T50: 0 | U50: 1 | V50: 0 | AB50: =SUM(B50:AA50) | AD50: =AB31+AB50
A51: XL Premium Metal Storage Box - 1056L / Grey | C51: 0 | D51: 0 | E51: 0 | F51: 0 | G51: 0 | H51: 0 | I51: 0 | J51: 0 | K51: 0 | L51: 0 | M51: 0 | N51: 0 | O51: 0 | P51: 1 | Q51: 0 | R51: 0 | S51: 0 | T51: 0 | U51: 0 | V51: 0 | AB51: =SUM(B51:AA51) | AD51: =AB32+AB51
A52: 3m Luxury Hydraulic Parasol with 45kg Base and Cover - Grey | C52: 0 | D52: 0 | E52: 0 | F52: 0 | G52: 0 | H52: 0 | I52: 0 | J52: 0 | K52: 0 | L52: 0 | M52: 2 | N52: 1 | O52: 1 | P52: 0 | Q52: 3 | R52: 2 | S52: 1 | T52: 0 | U52: 0 | V52: 0 | AB52: =SUM(B52:AA52) | AD52: =AB33+AB52
A53: 3m Luxury Hydraulic Parasol with 45kg Base and Cover - Natural | C53: 0 | D53: 0 | E53: 0 | F53: 0 | G53: 0 | H53: 0 | I53: 0 | J53: 0 | K53: 1 | L53: 0 | M53: 7 | N53: 1 | O53: 3 | P53: 1 | Q53: 1 | R53: 2 | S53: 0 | T53: 0 | U53: 0 | V53: 0 | AB53: =SUM(B53:AA53) | AD53: =AB34+AB53
A54: Premium Pop Up Gazebo With Sides | C54: 0 | D54: 0 | E54: 0 | F54: 0 | G54: 0 | H54: 1 | I54: 0 | J54: 1 | K54: 0 | L54: 1 | M54: 0 | N54: 0 | O54: 0 | P54: 0 | Q54: 0 | R54: 0 | S54: 0 | T54: 0 | U54: 0 | V54: 2 | AB54: =SUM(B54:AA54) | AD54: =AB35+AB54
A55: TOTAL | B55: =SUM(B40:B47) | C55: =SUM(C40:C47) | D55: =SUM(D40:D54) | E55: =SUM(E40:E54) | F55: =SUM(F40:F54) | G55: =SUM(G40:G54) | H55: =SUM(H40:H54) | I55: =SUM(I40:I54) | J55: =SUM(J40:J54) | K55: =SUM(K40:K54) | ... AB55: =SUM(AB40:AB54) | AD55: =SUM(AD40:AD54)
A58: GRAND TOTAL | B58: =B36+B55 | C58: =C36+C55 | D58: =D36+D55 | E58: =E36+E55 | F58: =F36+F55 | G58: =G36+G55 | H58: =H36+H55 | I58: =I36+I55 | ... AB58: =AB36+AB55
A62: JOHN LEWIS | B62: MARCH | F62: APRIL | K62: MAY | O62: JUNE | T62: JULY | X62: AUGUST
A63: PRODUCT DESCRIPTION | B63: 1st - 8th March | C63: 9th - 15th March | D63: 16th - 22nd March | E63: 23rd - 31st March | F63: 1st - 5th April | G63: 6th-12th April | H63: 13th - 19th April | I63: 20th - 26th April | J63: 27th April - 3rd May | K63: 4th - 10th May | L63: 11th - 17th May | M63: 18th - 24th May | N63: 25th - 31st May | O63: 1st-7th June | P63: 8th-14th June | Q63: 15th-21st June | R63: 22nd-28th June | S63: 29th June-5th July | T63: 6th - 12th July | U63: 13th - 19th July | V63: 20th - 26th July | W63: 27th July - 2nd Aug | X63: 3rd-9th Aug | Y63: 10th-16th Aug | Z63: 17th-23rd Aug | AA63: 24th-30th Aug | AB63: TOTAL
A64: Heavy Duty Storage Box - 270L / Taupe | B64: =B21*($B$3/1.2) | C64: =C21*($B$3/1.2) | D64: =D21*($B$3/1.2) | E64: =E21*($B$3/1.2) | F64: =F21*($B$3/1.2) | G64: =G21*($B$3/1.2) | H64: =H21*($B$3/1.2) | I64: =I21*($B$3/1.2) | ... AA64: =AA21*($B$3/1.2) | AB64: =SUM(B64:AA64)
A65: Heavy Duty Storage Box - 450L / Taupe | B65: =B22*($B$4/1.2) | C65: =C22*($B$4/1.2) | D65: =D22*($B$4/1.2) | E65: =E22*($B$4/1.2) | F65: =F22*($B$4/1.2) | G65: =G22*($B$4/1.2) | H65: =H22*($B$4/1.2) | I65: =I22*($B$4/1.2) | ... AA65: =AA22*($B$4/1.2) | AB65: =SUM(B65:AA65)
A66: Heavy Duty Storage Box - 680L / Black | B66: =B23*($B$5/1.2) | C66: =C23*($B$5/1.2) | D66: =D23*($B$5/1.2) | E66: =E23*($B$5/1.2) | F66: =F23*($B$5/1.2) | G66: =G23*($B$5/1.2) | H66: =H23*($B$5/1.2) | I66: =I23*($B$5/1.2) | ... AA66: =AA23*($B$5/1.2) | AB66: =SUM(B66:AA66)
A67: Heavy Duty Storage Box - 680L / Taupe | B67: =B24*($B$6/1.2) | C67: =C24*($B$6/1.2) | D67: =D24*($B$6/1.2) | E67: =E24*($B$6/1.2) | F67: =F24*($B$6/1.2) | G67: =G24*($B$6/1.2) | H67: =H24*($B$6/1.2) | I67: =I24*($B$6/1.2) | ... AA67: =AA24*($B$6/1.2) | AB67: =SUM(B67:AA67)
A68: Heavy Duty Storage Box - 870L / Black | B68: =B25*($B$8/1.2) | C68: =C25*($B$8/1.2) | D68: =D25*($B$8/1.2) | E68: =E25*($B$7/1.2) | F68: =F25*($B$7/1.2) | G68: =G25*($B$7/1.2) | H68: =H25*($B$7/1.2) | I68: =I25*($B$7/1.2) | J68: =J25*($B$7/1.2) | K68: =K25*($B$7/1.2) | L68: =L25*($B$7/1.2) | M68: =M26*($B$7/1.2) | N68: =N25*($B$7/1.2) | O68: =O25*($B$7/1.2) | P68: =P25*($B$7/1.2) | Q68: =Q25*($B$7/1.2) | R68: =R25*($B$7/1.2) | S68: =S25*($B$7/1.2) | T68: =T25*($B$7/1.2) | U68: =U25*($B$7/1.2) | ... AA68: =AA25*($B$7/1.2) | AB68: =SUM(B68:AA68)
A69: Heavy Duty Storage Box - 870L / Taupe | B69: =B26*($B$8/1.2) | C69: =C26*($B$8/1.2) | D69: =D26*($B$8/1.2) | E69: =E26*($B$8/1.2) | F69: =F26*($B$8/1.2) | G69: =G26*($B$8/1.2) | H69: =H26*($B$8/1.2) | I69: =I26*($B$8/1.2) | ... L69: =L26*($B$8/1.2) | M69: =M27*($B$7/1.2) | N69: =N26*($B$8/1.2) | O69: =O26*($B$8/1.2) | P69: =P26*($B$8/1.2) | Q69: =Q26*($B$8/1.2) | R69: =R26*($B$8/1.2) | S69: =S26*($B$8/1.2) | T69: =T26*($B$8/1.2) | U69: =U26*($B$8/1.2) | ... AA69: =AA26*($B$8/1.2) | AB69: =SUM(B69:AA69)
A70: Heavy Duty Storage Box - 980L / Black | B70: =B27*($B$8/1.2) | C70: =C27*($B$8/1.2) | D70: =D27*($B$8/1.2) | E70: =E27*($B$9/1.2) | F70: =F27*($B$9/1.2) | G70: =G27*($B$9/1.2) | H70: =H27*($B$9/1.2) | I70: =I27*($B$9/1.2) | J70: =J27*($B$9/1.2) | K70: =K27*($B$9/1.2) | L70: =L27*($B$9/1.2) | ... Q70: =Q27*($B$9/1.2) | R70: =R28*($B$9/1.2) | S70: =S28*($B$9/1.2) | T70: =T28*($B$9/1.2) | U70: =U28*($B$9/1.2) | V70: =V28*($B$9/1.2) | W70: =W28*($B$9/1.2) | X70: =X28*($B$9/1.2) | Y70: =Y28*($B$9/1.2) | ... AA70: =AA28*($B$9/1.2) | AB70: =SUM(B70:AA70)
A71: Heavy Duty Storage Box - 980L / Taupe | B71: =B28*($B$8/1.2) | C71: =C28*($B$8/1.2) | D71: =D28*($B$8/1.2) | E71: =E28*($B$10/1.2) | F71: =F28*($B$10/1.2) | G71: =G28*($B$10/1.2) | H71: =H28*($B$10/1.2) | I71: =I28*($B$10/1.2) | J71: =J28*($B$10/1.2) | K71: =K28*($B$10/1.2) | L71: =L28*($B$10/1.2) | ... AA71: =AA28*($B$10/1.2) | AB71: =SUM(B71:AA71)
A72: L Premium Metal Storage Box - 683L / Green | B72: =B29*($B$8/1.2) | C72: =C29*($B$8/1.2) | D72: =D29*($B$8/1.2) | E72: =E29*($B11/1.2) | F72: =F29*($B11/1.2) | G72: =G29*($B11/1.2) | H72: =H29*($B11/1.2) | I72: =I29*($B11/1.2) | J72: =J29*($B11/1.2) | K72: =K29*($B11/1.2) | L72: =L29*($B11/1.2) | ... AA72: =AA29*($B11/1.2) | AB72: =SUM(B72:AA72)
A73: L Premium Metal Storage Box - 683L / Grey | B73: =B30*($B$8/1.2) | C73: =C30*($B$8/1.2) | D73: =D30*($B$8/1.2) | E73: =E30*($B$12/1.2) | F73: =F30*($B$12/1.2) | G73: =G30*($B$12/1.2) | H73: =H30*($B$12/1.2) | I73: =I30*($B$12/1.2) | J73: =J30*($B$12/1.2) | K73: =K30*($B$12/1.2) | L73: =L30*($B$12/1.2) | ... AA73: =AA30*($B$12/1.2) | AB73: =SUM(B73:AA73)
A74: XL Premium Metal Storage Box - 1056L / Green | B74: =B31*($B$8/1.2) | C74: =C31*($B$8/1.2) | D74: =D31*($B$8/1.2) | E74: =E31*($B$13/1.2) | F74: =F31*($B$13/1.2) | G74: =G31*($B$13/1.2) | H74: =H31*($B$13/1.2) | I74: =I31*($B$13/1.2) | J74: =J31*($B$13/1.2) | K74: =K31*($B$13/1.2) | L74: =L31*($B$13/1.2) | ... AA74: =AA31*($B$13/1.2) | AB74: =SUM(B74:AA74)
A75: XL Premium Metal Storage Box - 1056L / Grey | B75: =B32*($B$8/1.2) | C75: =C32*($B$8/1.2) | D75: =D32*($B$8/1.2) | E75: =E32*($B$14/1.2) | F75: =F32*($B$14/1.2) | G75: =G32*($B$14/1.2) | H75: =H32*($B$14/1.2) | I75: =I32*($B$14/1.2) | J75: =J32*($B$14/1.2) | K75: =K32*($B$14/1.2) | L75: =L32*($B$14/1.2) | ... AA75: =AA32*($B$14/1.2) | AB75: =SUM(B75:AA75)
A76: 3m Luxury Hydraulic Parasol with 45kg Base and Cover - Grey | B76: =B33*($B$8/1.2) | C76: =C33*($B$8/1.2) | D76: =D33*($B$8/1.2) | E76: =E33*($B$15/1.2) | F76: =F33*($B$15/1.2) | G76: =G33*($B$15/1.2) | H76: =H33*($B$15/1.2) | I76: =I33*($B$15/1.2) | J76: =J33*($B$15/1.2) | K76: =K33*($B$15/1.2) | L76: =L33*($B$15/1.2) | ... AA76: =AA33*($B$15/1.2) | AB76: =SUM(B76:AA76)
A77: 3m Luxury Hydraulic Parasol with 45kg Base and Cover - Natural | B77: =B34*($B$8/1.2) | C77: =C34*($B$8/1.2) | D77: =D34*($B$8/1.2) | E77: =E34*($B$16/1.2) | F77: =F34*($B$16/1.2) | G77: =G34*($B$16/1.2) | H77: =H34*($B$16/1.2) | I77: =I34*($B$16/1.2) | J77: =J34*($B$16/1.2) | K77: =K34*($B$16/1.2) | L77: =L34*($B$16/1.2) | ... AA77: =AA34*($B$16/1.2) | AB77: =SUM(B77:AA77)
A78: Premium Pop Up Gazebo With Sides | B78: =B35*($B$8/1.2) | C78: =C35*($B$8/1.2) | D78: =D35*($B$8/1.2) | E78: =E35*($B$17/1.2) | F78: =F35*($B$17/1.2) | G78: =G35*($B$17/1.2) | H78: =H35*($B$17/1.2) | I78: =I35*($B$17/1.2) | J78: =J35*($B$17/1.2) | K78: =K35*($B$17/1.2) | L78: =L35*($B$17/1.2) | ... AA78: =AA35*($B$17/1.2) | AB78: =SUM(B78:AA78)
A79: TOTAL | B79: =SUM(B64:B71) | C79: =SUM(C64:C71) | D79: =SUM(D64:D71) | E79: =SUM(E64:E71) | F79: =SUM(F64:F71) | H79: =SUM(H64:H71) | I79: =SUM(I64:I71) | J79: =SUM(J64:J71) | K79: =SUM(K64:K71) | L79: =SUM(L64:L71) | M79: =SUM(M64:M71) | N79: =SUM(N64:N71) | O79: =SUM(O64:O71) | ... AA79: =SUM(AA64:AA71) | AB79: =SUM(AB64:AB78)
A81: B&Q MARKETPLACE | B81: MARCH | F81: APRIL | K81: MAY | O81: JUNE | T81: JULY | X81: AUGUST
A82: PRODUCT DESCRIPTION | B82: 1st - 8th March | C82: 9th - 15th March | D82: 16th - 22nd March | E82: 23rd - 31st March | F82: 1st - 5th April | G82: 6th-12th April | H82: 13th - 19th April | I82: 20th - 26th April | J82: 27th April - 3rd May | K82: 4th - 10th May | L82: 11th - 17th May | M82: 18th - 24th May | N82: 25th - 31st May | O82: 1st-7th June | P82: 8th-14th June | Q82: 15th-21st June | R82: 22nd-28th June | S82: 29th June-5th July | T82: 6th - 12th July | U82: 13th - 19th July | V82: 20th - 26th July | W82: 27th July - 2nd Aug | X82: 3rd-9th Aug | Y82: 10th-16th Aug | Z82: 17th-23rd Aug | AA82: 24th-30th Aug | AB82: TOTAL
A83: Heavy Duty Storage Box - 270L / Taupe | B83: =B40*($C$3/1.2) | C83: =C40*($C$3/1.2) | D83: =D40*($C$3/1.2) | E83: =E40*($C$3/1.2) | F83: =F40*($C$3/1.2) | G83: =G40*($C$3/1.2) | H83: =H40*($C$3/1.2) | I83: =I40*($C$3/1.2) | ... AA83: =AA40*($C$3/1.2) | AB83: =SUM(B83:AA83)
A84: Heavy Duty Storage Box - 450L / Taupe | B84: =B41*($C$3/1.2) | C84: =C41*($C$3/1.2) | D84: =D41*($C$4/1.2) | E84: =E41*($C$4/1.2) | F84: =F41*($C$4/1.2) | G84: =G41*($C$4/1.2) | H84: =H41*($C$4/1.2) | I84: =I41*($C$4/1.2) | J84: =J41*($C$4/1.2) | K84: =K41*($C$4/1.2) | ... AA84: =AA41*($C$4/1.2) | AB84: =SUM(B84:AA84)
A85: Heavy Duty Storage Box - 680L / Black | B85: =B42*($C$3/1.2) | C85: =C42*($C$3/1.2) | D85: =D42*($C$5/1.2) | E85: =E42*($C$5/1.2) | F85: =F42*($C$5/1.2) | G85: =G42*($C$5/1.2) | H85: =H42*($C$5/1.2) | I85: =I42*($C$5/1.2) | J85: =J42*($C$5/1.2) | K85: =K42*($C$5/1.2) | ... AA85: =AA42*($C$5/1.2) | AB85: =SUM(B85:AA85)
A86: Heavy Duty Storage Box - 680L / Taupe | B86: =B43*($C$3/1.2) | C86: =C43*($C$3/1.2) | D86: =D43*($C$6/1.2) | E86: =E43*($C$6/1.2) | F86: =F43*($C$6/1.2) | G86: =G43*($C$6/1.2) | H86: =H43*($C$6/1.2) | I86: =I43*($C$6/1.2) | J86: =J43*($C$6/1.2) | K86: =K43*($C$6/1.2) | ... AA86: =AA43*($C$6/1.2) | AB86: =SUM(B86:AA86)
A87: Heavy Duty Storage Box - 870L / Black | B87: =B44*($C$3/1.2) | C87: =C44*($C$3/1.2) | D87: =D44*($C$7/1.2) | E87: =E44*($C$7/1.2) | F87: =F44*($C$7/1.2) | G87: =G44*($C$7/1.2) | H87: =H44*($C$7/1.2) | I87: =I44*($C$7/1.2) | J87: =J44*($C$7/1.2) | K87: =K44*($C$7/1.2) | L87: =L44*($C$7/1.2) | M87: =M45*($C$7/1.2) | N87: =N44*($C$7/1.2) | O87: =O44*($C$7/1.2) | P87: =P44*($C$7/1.2) | Q87: =Q44*($C$7/1.2) | R87: =R44*($C$7/1.2) | S87: =S44*($C$7/1.2) | T87: =T44*($C$7/1.2) | U87: =U44*($C$7/1.2) | ... AA87: =AA44*($C$7/1.2) | AB87: =SUM(B87:AA87)
A88: Heavy Duty Storage Box - 870L / Taupe | B88: =B45*($C$3/1.2) | C88: =C45*($C$3/1.2) | D88: =D45*($C$8/1.2) | E88: =E45*($C$8/1.2) | F88: =F45*($C$8/1.2) | G88: =G45*($C$8/1.2) | H88: =H45*($C$8/1.2) | I88: =I45*($C$8/1.2) | J88: =J45*($C$8/1.2) | K88: =K45*($C$8/1.2) | L88: =L45*($C$8/1.2) | M88: =M46*($C$7/1.2) | N88: =N45*($C$8/1.2) | O88: =O45*($C$8/1.2) | P88: =P45*($C$8/1.2) | Q88: =Q45*($C$8/1.2) | R88: =R45*($C$8/1.2) | S88: =S45*($C$8/1.2) | T88: =T45*($C$8/1.2) | U88: =U45*($C$8/1.2) | ... AA88: =AA45*($C$8/1.2) | AB88: =SUM(B88:AA88)
A89: Heavy Duty Storage Box - 980L / Black | B89: =B46*($C$3/1.2) | C89: =C46*($C$3/1.2) | D89: =D46*($C$9/1.2) | E89: =E46*($C$9/1.2) | F89: =F46*($C$9/1.2) | G89: =G46*($C$9/1.2) | H89: =H46*($C$9/1.2) | I89: =I46*($C$9/1.2) | J89: =J46*($C$9/1.2) | K89: =K46*($C$9/1.2) | ... N89: =N46*($C$9/1.2) | O89: =O47*($C$9/1.2) | P89: =P47*($C$9/1.2) | Q89: =Q46*($C$9/1.2) | R89: =R46*($C$9/1.2) | S89: =S46*($C$9/1.2) | T89: =T46*($C$9/1.2) | U89: =U46*($C$9/1.2) | V89: =V46*($C$9/1.2) | W89: =W46*($C$9/1.2) | X89: =X46*($C$9/1.2) | ... AA89: =AA46*($C$9/1.2) | AB89: =SUM(B89:AA89)
A90: Heavy Duty Storage Box - 980L / Taupe | B90: =B47*($C$3/1.2) | C90: =C47*($C$3/1.2) | D90: =D47*($C$10/1.2) | E90: =E47*($C$10/1.2) | F90: =F47*($C$10/1.2) | G90: =G47*($C$10/1.2) | H90: =H47*($C$10/1.2) | I90: =I47*($C$10/1.2) | J90: =J47*($C$10/1.2) | K90: =K47*($C$10/1.2) | ... AA90: =AA47*($C$10/1.2) | AB90: =SUM(B90:AA90)
A91: L Premium Metal Storage Box - 683L / Green | B91: =B48*($C$3/1.2) | C91: =C48*($C$3/1.2) | D91: =D48*($C$10/1.2) | E91: =E48*($C$10/1.2) | F91: =F48*($C$10/1.2) | G91: =G48*($C$10/1.2) | H91: =H48*($C$10/1.2) | I91: =I48*($C$10/1.2) | J91: =J48*($C$10/1.2) | K91: =K48*($C$10/1.2) | ... AA91: =AA48*($C$10/1.2) | AB91: =SUM(B91:AA91)
A92: L Premium Metal Storage Box - 683L / Grey | B92: =B49*($C$3/1.2) | C92: =C49*($C$3/1.2) | D92: =D49*($C$10/1.2) | E92: =E49*($C$10/1.2) | F92: =F49*($C$10/1.2) | G92: =G49*($C$10/1.2) | H92: =H49*($C$10/1.2) | I92: =I49*($C$10/1.2) | J92: =J49*($C$10/1.2) | K92: =K49*($C$10/1.2) | ... AA92: =AA49*($C$10/1.2) | AB92: =SUM(B92:AA92)
A93: XL Premium Metal Storage Box - 1056L / Green | B93: =B50*($C$3/1.2) | C93: =C50*($C$3/1.2) | D93: =D50*($C$10/1.2) | E93: =E50*($C$10/1.2) | F93: =F50*($C$10/1.2) | G93: =G50*($C$10/1.2) | H93: =H50*($C$10/1.2) | I93: =I50*($C$10/1.2) | J93: =J50*($C$10/1.2) | K93: =K50*($C$10/1.2) | ... AA93: =AA50*($C$10/1.2) | AB93: =SUM(B93:AA93)
A94: XL Premium Metal Storage Box - 1056L / Grey | B94: =B51*($C$3/1.2) | C94: =C51*($C$3/1.2) | D94: =D51*($C$10/1.2) | E94: =E51*($C$10/1.2) | F94: =F51*($C$10/1.2) | G94: =G51*($C$10/1.2) | H94: =H51*($C$10/1.2) | I94: =I51*($C$10/1.2) | J94: =J51*($C$10/1.2) | K94: =K51*($C$10/1.2) | ... AA94: =AA51*($C$10/1.2) | AB94: =SUM(B94:AA94)
A95: 3m Luxury Hydraulic Parasol with 45kg Base and Cover - Grey | B95: =B52*($C$8/1.2) | C95: =C52*($C$8/1.2) | D95: =D52*($C$8/1.2) | E95: =E52*($C$8/1.2) | F95: =F52*($C$8/1.2) | G95: =G52*($C$8/1.2) | H95: =H52*($C$8/1.2) | I95: =I52*($C$8/1.2) | ... AA95: =AA52*($C$8/1.2) | AB95: =SUM(B95:AA95)
A96: 3m Luxury Hydraulic Parasol with 45kg Base and Cover - Natural | B96: =B53*($C$8/1.2) | C96: =C53*($C$8/1.2) | D96: =D53*($C$8/1.2) | E96: =E53*($C$8/1.2) | F96: =F53*($C$8/1.2) | G96: =G53*($C$8/1.2) | H96: =H53*($C$8/1.2) | I96: =I53*($C$8/1.2) | ... AA96: =AA53*($C$8/1.2) | AB96: =SUM(B96:AA96)
A97: Premium Pop Up Gazebo With Sides | B97: =B54*($C$8/1.2) | C97: =C54*($C$8/1.2) | D97: =D54*($C$8/1.2) | E97: =E54*($C$8/1.2) | F97: =F54*($C$8/1.2) | G97: =G54*($C$8/1.2) | H97: =H54*($C$8/1.2) | I97: =I54*($C$8/1.2) | ... AA97: =AA54*($C$8/1.2) | AB97: =SUM(B97:AA97)
A98: TOTAL | B98: =SUM(B83:B87) | C98: =SUM(C83:C90) | D98: =SUM(D83:D97) | E98: =SUM(E83:E97) | F98: =SUM(F83:F97) | G98: =SUM(G83:G97) | H98: =SUM(H83:H97) | I98: =SUM(I83:I97) | J98: =SUM(J83:J97) | K98: =SUM(K83:K97) | ... AB98: =SUM(AB83:AB97)
A101: GRAND TOTAL (£) | B101: =B79+B98 | C101: =C79+C98 | D101: =D79+D98 | E101: =E79+E98 | F101: =F79+F98 | G101: =G79+G98 | H101: =H79+H98 | I101: =I79+I98 | ... AB101: =AB79+AB98
A102: MONTHLY TOTAL (£) | E102: =SUM(A101:E101) | J102: =SUM(F101:J101) | N102: =SUM(K101:N101) | R102: =SUM(O101:R101) | W102: =SUM(S101:W101) | AA102: =SUM(X101:AA101)

Sheet Sheet1

Sheet INVENTORY
A1: Product Name | B1: Account Name | C1: Qty Sold | D1: Total Qty Sold | E1: Total Qty Purchased | F1: Inventory | H1: Shop | I1: Stock Update 19.05 | J1: Stock Update 29.05 | K1: Stock Update 16.06
A2: Heavy Duty Storage Box - 270L / Taupe | B2: B&Q Marketplace | C2: ='SALES TRACKER'!AB40 | D2: =C2+C3 | E2: 320 | F2: =E2-D2 | H2: B&Q Marketplace | I2: 100 | J2: 100 | K2: 100
B3: John Lewis D2C | C3: ='SALES TRACKER'!AB21 | H3: John Lewis D2C | I3: 183 | J3: 169 | K3: 114
A4: Heavy Duty Storage Box - 450L / Taupe | B4: B&Q Marketplace | C4: ='SALES TRACKER'!AB41 | D4: =C4+C5 | E4: 225 | F4: =E4-D4 | H4: B&Q Marketplace | I4: 86 | J4: 84 | K4: 50
B5: John Lewis D2C | C5: ='SALES TRACKER'!AB22 | H5: John Lewis D2C | I5: 100 | J5: 84 | K5: 60
A6: Heavy Duty Storage Box - 680L / Black | B6: B&Q Marketplace | C6: ='SALES TRACKER'!AB42 | D6: 99 | E6: 99 | F6: =E6-D6 | H6: B&Q Marketplace | I6: 37 | J6: 29 | K6: 3
B7: John Lewis D2C | C7: ='SALES TRACKER'!AB23 | H7: John Lewis D2C | I7: 37 | J7: 30 | K7: 0
A8: Heavy Duty Storage Box - 680L / Taupe | B8: B&Q Marketplace | C8: ='SALES TRACKER'!AB43 | D8: =C8+C9 | E8: 180 | F8: =E8-D8 | H8: B&Q Marketplace | I8: 70 | J8: 50 | K8: 20
B9: John Lewis D2C | C9: ='SALES TRACKER'!AB24 | H9: John Lewis D2C | I9: 69 | J9: 66 | K9: 23
A10: Heavy Duty Storage Box - 870L / Black | B10: B&Q Marketplace | C10: ='SALES TRACKER'!AB44 | D10: =C10+C11 | E10: 67 | F10: =E10-D10 | H10: B&Q Marketplace | I10: 0 | J10: 0 | K10: 0
B11: John Lewis D2C | C11: ='SALES TRACKER'!AB25 | H11: John Lewis D2C | I11: 21 | J11: 0 | K11: 0
A12: Heavy Duty Storage Box - 870L / Taupe | B12: B&Q Marketplace | C12: ='SALES TRACKER'!AB45 | D12: =C12+C13 | E12: 100 | F12: =E12-D12 | H12: B&Q Marketplace | I12: 5 | J12: 5 | K12: 6
B13: John Lewis D2C | C13: ='SALES TRACKER'!AB26 | H13: John Lewis D2C | I13: 28 | J13: 6 | K13: 0
A14: Heavy Duty Storage Box - 980L / Black | B14: B&Q Marketplace | C14: ='SALES TRACKER'!AB46 | D14: =C14+C15 | E14: 100 | F14: =E14-D14 | H14: B&Q Marketplace | I14: 5 | J14: 2 | K14: 5
B15: John Lewis D2C | C15: ='SALES TRACKER'!AB27 | H15: John Lewis D2C | I15: 25 | J15: 6 | K15: 0
A16: Heavy Duty Storage Box - 980L / Taupe | B16: B&Q Marketplace | C16: ='SALES TRACKER'!AB47 | D16: =C16+C17 | E16: 100 | F16: =E16-D16 | H16: B&Q Marketplace | I16: 0 | J16: 0 | K16: 0
B17: John Lewis D2C | C17: ='SALES TRACKER'!AB28 | H17: John Lewis D2C | I17: 19 | J17: 0 | K17: 0
A18: L Premium Metal Storage Box - 683L / Green | B18: B&Q Marketplace | C18: ='SALES TRACKER'!AB48 | D18: =C18+C19 | E18: 30 | F18: =E18-D18 | H18: B&Q Marketplace | I18: 5 | J18: 8 | K18: 5
B19: John Lewis D2C | C19: ='SALES TRACKER'!AB29 | H19: John Lewis D2C | I19: 20 | J19: 15 | K19: 7
A20: L Premium Metal Storage Box - 683L / Grey | B20: B&Q Marketplace | C20: ='SALES TRACKER'!AB49 | D20: =C20+C21 | E20: 30 | F20: =E20-D20 | H20: B&Q Marketplace | I20: 9 | J20: 14 | K20: 10
B21: John Lewis D2C | C21: ='SALES TRACKER'!AB32 | H21: John Lewis D2C | I21: 20 | J21: 15 | K21: 16
A22: XL Premium Metal Storage Box - 1056L / Green | B22: B&Q Marketplace | C22: ='SALES TRACKER'!AB50 | D22: =C22+C23 | E22: 30 | F22: =E22-D22 | H22: B&Q Marketplace | I22: 6 | J22: 9 | K22: 7
B23: John Lewis D2C | C23: ='SALES TRACKER'!AB31 | H23: John Lewis D2C | I23: 20 | J23: 15 | K23: 10
A24: XL Premium Metal Storage Box - 1056L / Grey | B24: B&Q Marketplace | C24: ='SALES TRACKER'!AB51 | D24: =C24+C25 | E24: 30 | F24: =E24-D24 | H24: B&Q Marketplace | I24: 8 | J24: 11 | K24: 10
B25: John Lewis D2C | C25: ='SALES TRACKER'!AB32 | H25: John Lewis D2C | I25: 20 | J25: 15 | K25: 15
A26: 3m Luxury Hydraulic Parasol with 45kg Base and Cover - Grey | B26: B&Q Marketplace | C26: ='SALES TRACKER'!AB52 | D26: =C26+C27 | E26: 50 | F26: =E26-D26 | H26: B&Q Marketplace | I26: 47 | J26: 40 | K26: 10
B27: John Lewis D2C | C27: ='SALES TRACKER'!AB33 | H27: John Lewis D2C | I27: 50 | J27: 49 | K27: 13
A28: 3m Luxury Hydraulic Parasol with 45kg Base and Cover - Natural | B28: B&Q Marketplace | C28: ='SALES TRACKER'!AB53 | D28: =C28+C29 | E28: 50 | F28: =E28-D28 | H28: B&Q Marketplace | I28: 46 | J28: 40 | K28: 10
B29: John Lewis D2C | C29: ='SALES TRACKER'!AB34 | H29: John Lewis D2C | I29: 50 | J29: 40 | K29: 14
A30: Premium Pop Up Gazebo With Sides | B30: B&Q Marketplace | C30: ='SALES TRACKER'!AB54 | D30: =C30+C31 | E30: 100 | F30: =E30-D30 | H30: B&Q Marketplace | I30: 45 | J30: 42 | K30: 20
B31: John Lewis D2C | C31: ='SALES TRACKER'!AB35 | H31: John Lewis D2C | I31: 50 | J31: 50 | K31: 24

Sheet CANCELLED ORDERS
A1: JOHN LEWIS
A2: PRODUCT DESCRIPTION | B2: CUSTOMER NAME | C2: ORDER NUMBER | D2: PURCHASE DATE | E2: QTY | F2: COMMENTS
A3: Heavy Duty Storage Box - 870L / Black | B3: Mrs Hunter | C3: 160193245 | D3: 17/05/2026 | E3: 1 | F3: Out of stock, customer happy to accept exchange for 980L Black, stock updated -1 870L Black and +1 980L Black
A4: Heavy Duty Storage Box - 980L / Taupe | B4: Mrs Hennesy | C4: 160347814 | D4: 46167 | E4: 1
A5: Heavy Duty Storage Box - 980L / Taupe | B5: Mrs Campbell | C5: 160352196 | D5: 46167 | E5: 1
A6: Heavy Duty Storage Box - 980L / Taupe | B6: Mrs Radley | C6: 160364081 | D6: 46167 | E6: 1
A7: Heavy Duty Storage Box - 980L / Taupe | B7: Mrs Millington | C7: 160364047 | D7: 46167 | E7: 1
A8: Heavy Duty Storage Box - 980L / Taupe | B8: Mr Mintey | C8: 160363974 | D8: 46167 | E8: 1
A10: B&Q MARKETPLACE
A11: PRODUCT DESCRIPTION | B11: CUSTOMER NAME | C11: ORDER NUMBER | D11: PURCHASE DATE | E11: QTY | F11: COMMENTS
A12: Heavy Duty Storage Box - 870L / Black | B12: Miss Charlotte Bentley | C12: 1063882487-A | D12: 14/05/2026 | E12: 2 | F12: Out of stock, customer asked for refund, stock updated -2 (weekly units sold 8, updated to 6)
A13: Heavy Duty Storage Box - 870L / Black | B13: Philip Steele | C13: 1063993668-A | D13: 17/05/2026 | E13: 1 | F13: Out of stock, customer asked for refund, stock updated -1 (weekly units sold 6, updated to 5)
A14: Heavy Duty Storage Box - 870L / Black | B14: Balwant Samra | C14: 1063877643-A | D14: 14/05/2026 | E14: 1 | F14: Out of stock, awaiting customer reply, offered refund or exchange
A15: Heavy Duty Storage Box - 870L / Black | B15: Mr Andrew Gooding | C15: 1063967778-A | D15: 46158 | E15: 1 | F15: Out of stock, customer happy to accept exchange for 870L Taupe, stock updated -1 870L Black and +1 870L Taupe
A16: Heavy Duty Storage Box - 870L / Black | B16: Mr Paul Dandy | C16: 1063991246-A | D16: 17/05/2026 | E16: 1 | F16: Out of stock, customer happy to accept exchange for 870L Taupe, stock updated -1 870L Black and +1 870L Taupe
A17: Heavy Duty Storage Box - 870L / Black | B17: Nick Sisso | C17: 1063995257-A | D17: 17/05/2026 | E17: 2 | F17: Out of stock, customer happy to accept exchange for 870L Taupe, stock updated -2 870L Black and +2 870L Taupe
A18: Heavy Duty Storage Box - 870L / Black | B18: Neil Christie | C18: 1064006193-A | D18: 17/05/2026 | E18: 1 | F18: Out of stock, customer happy to accept exchange for 870L Taupe, stock updated -1 870L Black and +1 870L Taupe

Sheet JL FORECAST
B1: Sales Forecast | C1: Buy | E1: FEBRUARY | F1: MARCH | G1: APRIL | H1: MAY | I1: JUNE | J1: JULY | K1: AUGUST | L1: SEPTEMBER | M1: TOTAL SALES | N1: % OF BUY
A2: 3M D Hydraulic parasol with base | B2: 50 | C2: 100 | E2: 0 | F2: 2 | G2: 4 | H2: 10 | I2: 10 | J2: 10 | K2: 8 | L2: 2 | M2: =E2+F2+G2+H2+I2+J2+K2+L2 | N2: =M2/C2
A3: STOR 693L | B3: 40 | C3: 60 | E3: 2 | F3: 4 | G3: 6 | H3: 6 | I3: 6 | J3: 6 | K3: 6 | L3: 4 | M3: =E3+F3+G3+H3+I3+J3+K3+L3 | N3: =M3/C3
A4: STOR 1067L | B4: 60 | C4: 60 | E4: 3 | F4: 5 | G4: 5 | H4: 5 | I4: 8 | J4: 8 | K4: 8 | L4: 4 | M4: =E4+F4+G4+H4+I4+J4+K4+L4 | N4: =M4/C4
A5: 270L recycled box | B5: 150 | C5: 320 | E5: 12 | F5: 25 | G5: 32 | H5: 32 | I5: 32 | J5: 32 | K5: 20 | L5: 20 | M5: =E5+F5+G5+H5+I5+J5+K5+L5 | N5: =M5/C5
A6: 450L recycled box | B6: 250 | C6: 225 | E6: 10 | F6: 15 | G6: 32 | H6: 32 | I6: 32 | J6: 32 | K6: 25 | L6: 25 | M6: =E6+F6+G6+H6+I6+J6+K6+L6 | N6: =M6/C6
A7: 680L recycled box | B7: 200 | C7: 180 | E7: 8 | F7: 15 | G7: 15 | H7: 25 | I7: 25 | J7: 25 | K7: 20 | L7: 20 | M7: =E7+F7+G7+H7+I7+J7+K7+L7 | N7: =M7/C7
A8: 870L recycled box | B8: 150 | C8: 100 | E8: 4 | F8: 8 | G8: 10 | H8: 10 | I8: 10 | J8: 8 | K8: 8 | L8: 8 | M8: =E8+F8+G8+H8+I8+J8+K8+L8 | N8: =M8/C8
A9: 980L recycled box | B9: 100 | C9: 100 | E9: 2 | F9: 4 | G9: 8 | H9: 8 | I9: 8 | J9: 12 | K9: 12 | L9: 8 | M9: =E9+F9+G9+H9+I9+J9+K9+L9 | N9: =M9/C9
A10: 3 x 3 with sides with side walls | B10: 60 | C10: 100 | E10: 2 | F10: 6 | G10: 6 | H10: 8 | I10: 12 | J10: 12 | K10: 8 | L10: 4 | M10: =E10+F10+G10+H10+I10+J10+K10+L10 | N10: =M10/C10
A11: TOTALS | B11: =SUM(B2:B10) | C11: =SUM(C2:C10) | E11: HJ849-D | F11: J2
C13: HJ DESPATCH | E13: =E2+E3+E4+E10 | F13: =F2+F3+F4+F10 | G13: =G2+G3+G4+G10 | H13: =H2+H3+H4+H10 | I13: =I2+I3+I4+I10 | J13: =J2+J3+J4+J10 | K13: =K2+K3+K4+K10 | L13: =L2+L3+L4+L10 | M13: =M2+M3+M4+M10
C15: AVERAGE WEEKLY | E15: =E13/4 | F15: =F13/4 | G15: =G13/4 | H15: =H13/4 | I15: =I13/4 | J15: =J13/4 | K15: =K13/4 | L15: =L13/4
C17: KINETIC DESPATCH | E17: =E5+E6+E7+E8+E9 | F17: =F5+F6+F7+F8+F9 | G17: =G5+G6+G7+G8+G9 | H17: =H5+H6+H7+H8+H9 | I17: =I5+I6+I7+I8+I9 | J17: =J5+J6+J7+J8+J9 | K17: =K5+K6+K7+K8+K9 | L17: =L5+L6+L7+L8+L9
C19: AVERAGE WEEKLY | E19: =E17/4 | F19: =F17/4 | G19: =G17/4 | H19: =H17/4 | I19: =I17/4 | J19: =J17/4 | K19: =K17/4 | L19: =L17/4
E21: SALES EX VAT
D22: cp | E22: FEBRUARY | F22: MARCH | G22: APRIL | H22: MAY | I22: JUNE | J22: JULY | K22: AUGUST | L22: SEPTEMBER
B23: 3M D Hydraulic parasol with base | D23: 119.08 | E23: =$D$23*E2 | F23: =$D$23*F2 | G23: =$D$23*G2 | H23: =$D$23*H2 | I23: =$D$23*I2 | J23: =$D$23*J2 | K23: =$D$23*K2 | L23: =$D$23*L2
B24: STOR 693L | D24: 207.38 | E24: =$D$23*E3 | F24: =$D$23*F3 | G24: =$D$23*G3 | H24: =$D$23*H3 | I24: =$D$23*I3 | J24: =$D$23*J3 | K24: =$D$23*K3 | L24: =$D$23*L3
B25: STOR 1067L | D25: 246.95 | E25: =$D$23*E4 | F25: =$D$23*F4 | G25: =$D$23*G4 | H25: =$D$23*H4 | I25: =$D$23*I4 | J25: =$D$23*J4 | K25: =$D$23*K4 | L25: =$D$23*L4
B26: 270L recycled box | D26: 34.99 | E26: =$D$23*E5 | F26: =$D$23*F5 | G26: =$D$23*G5 | H26: =$D$23*H5 | I26: =$D$23*I5 | J26: =$D$23*J5 | K26: =$D$23*K5 | L26: =$D$23*L5
B27: 450L recycled box | D27: 61.45 | E27: =$D$23*E6 | F27: =$D$23*F6 | G27: =$D$23*G6 | H27: =$D$23*H6 | I27: =$D$23*I6 | J27: =$D$23*J6 | K27: =$D$23*K6 | L27: =$D$23*L6
B28: 680L recycled box | D28: 77.67 | E28: =$D$23*E7 | F28: =$D$23*F7 | G28: =$D$23*G7 | H28: =$D$23*H7 | I28: =$D$23*I7 | J28: =$D$23*J7 | K28: =$D$23*K7 | L28: =$D$23*L7
B29: 870L recycled box | D29: 94.47 | E29: =$D$23*E8 | F29: =$D$23*F8 | G29: =$D$23*G8 | H29: =$D$23*H8 | I29: =$D$23*I8 | J29: =$D$23*J8 | K29: =$D$23*K8 | L29: =$D$23*L8
B30: 980L recycled box | D30: 102.14 | E30: =$D$23*E9 | F30: =$D$23*F9 | G30: =$D$23*G9 | H30: =$D$23*H9 | I30: =$D$23*I9 | J30: =$D$23*J9 | K30: =$D$23*K9 | L30: =$D$23*L9
B31: 3 x 3 with sides with side walls | D31: 99.4 | E31: =$D$23*E10 | F31: =$D$23*F10 | G31: =$D$23*G10 | H31: =$D$23*H10 | I31: =$D$23*I10 | J31: =$D$23*J10 | K31: =$D$23*K10 | L31: =$D$23*L10
E32: =SUM(E23:E31) | F32: =SUM(F23:F31) | G32: =SUM(G23:G31) | H32: =SUM(H23:H31) | I32: =SUM(I23:I31) | J32: =SUM(J23:J31) | K32: =SUM(K23:K31) | L32: =SUM(L23:L31)
